ip,port,addr,date_time
111.13.7.42,81,北京 ,2017-09-10 08:32:06
123.56.169.22,3128,河北 保定,2017-09-10 08:32:15
122.49.35.168,33128,北京 ,2017-09-10 08:32:06
120.24.208.42,9999,上海 ,2017-09-10 08:31:24
124.238.235.135,81,河北 廊坊,2017-09-10 08:31:31
121.40.213.161,80,河北 廊坊,2017-09-10 08:35:16
114.215.102.168,8081,北京 ,2017-09-10 08:31:07
121.196.226.246,84,北京 ,2017-09-10 08:30:49
61.153.67.110,9999,浙江 丽水,2017-09-10 08:32:09
112.74.99.60,80,广东 佛山,2017-09-10 08:32:09
113.140.43.136,80,陕西 宝鸡,2017-09-10 08:31:08
122.192.66.50,808,江苏 ,2017-09-10 08:30:48
182.139.184.239,81,四川 乐山,2017-09-10 08:31:25
221.10.126.191,2227,四川 宜宾,2017-09-10 08:30:26
150.107.137.188,65103,山东 ,2017-09-10 08:32:29
58.246.59.59,8080,上海 ,2017-09-10 08:32:14
122.228.253.55,808,浙江 温州,2017-09-10 08:32:13
118.144.54.247,8118,北京 ,2017-09-10 08:32:08
120.25.211.80,9999,上海 ,2017-09-10 08:31:48
114.215.103.121,8081,北京 ,2017-09-10 08:31:06
101.200.45.131,3128,北京 ,2017-09-10 08:31:50
122.6.178.203,65103,山东 临沂,2017-09-10 08:32:12
222.73.68.144,8090,上海 ,2017-09-10 08:30:25
60.255.186.169,8888,四川 ,2017-09-10 08:35:22
101.53.101.172,9999,福建 ,2017-09-10 08:31:30
112.65.141.170,8080,上海 ,2017-09-10 08:30:33
